{
  "1": [
    [
      753,
      609,
      787,
      630,
      0.8883916735649109
    ],
    [
      716,
      516,
      747,
      526,
      0.828314483165741
    ],
    [
      597,
      615,
      630,
      631,
      0.813386082649231
    ],
    [
      756,
      517,
      786,
      526,
      0.8013544082641602
    ],
    [
      638,
      517,
      668,
      525,
      0.7583749890327454
    ],
    [
      678,
      517,
      707,
      525,
      0.7331627607345581
    ],
    [
      792,
      612,
      826,
      630,
      0.5587177872657776
    ],
    [
      679,
      506,
      706,
      513,
      0.503450334072113
    ],
    [
      800,
      508,
      826,
      518,
      0.156219482421875
    ],
    [
      638,
      510,
      667,
      518,
      0.14819103479385376
    ],
    [
      718,
      502,
      748,
      513,
      0.05047658085823059
    ],
    [
      598,
      513,
      628,
      522,
      0.019278645515441895
    ],
    [
      754,
      588,
      786,
      606,
      0.018271595239639282
    ],
    [
      878,
      509,
      905,
      518,
      0.011575460433959961
    ],
    [
      758,
      507,
      786,
      515,
      0.010420888662338257
    ]
  ],
  "2": [
    [
      793,
      502,
      829,
      1021,
      0.8222308158874512
    ],
    [
      754,
      491,
      790,
      1008,
      0.32070183753967285
    ],
    [
      676,
      496,
      710,
      1013,
      0.2582796812057495
    ],
    [
      597,
      494,
      631,
      1039,
      0.17771878838539124
    ],
    [
      636,
      370,
      672,
      1064,
      0.1052561104297638
    ],
    [
      716,
      498,
      750,
      1027,
      0.08710035681724548
    ],
    [
      829,
      321,
      872,
      1062,
      0.04289516806602478
    ],
    [
      877,
      444,
      921,
      1070,
      0.02289596199989319
    ]
  ],
  "0": [
    [
      918,
      509,
      945,
      518,
      0.7375043034553528
    ],
    [
      838,
      510,
      866,
      518,
      0.5124732851982117
    ],
    [
      957,
      510,
      983,
      519,
      0.49288463592529297
    ],
    [
      878,
      509,
      905,
      518,
      0.22584211826324463
    ],
    [
      800,
      508,
      826,
      518,
      0.014801740646362305
    ]
  ]
}