{
  "2": [
    [
      656,
      316,
      676,
      666,
      0.9293287992477417
    ],
    [
      715,
      695,
      736,
      994,
      0.9056415557861328
    ],
    [
      478,
      695,
      497,
      995,
      0.9036669731140137
    ],
    [
      500,
      692,
      520,
      993,
      0.8909251689910889
    ],
    [
      702,
      316,
      722,
      668,
      0.8870435953140259
    ],
    [
      452,
      319,
      472,
      667,
      0.8848793506622314
    ],
    [
      593,
      693,
      617,
      994,
      0.880114734172821
    ],
    [
      633,
      314,
      654,
      667,
      0.8704276084899902
    ],
    [
      567,
      316,
      587,
      669,
      0.8657758235931396
    ],
    [
      664,
      693,
      686,
      993,
      0.8652564287185669
    ],
    [
      521,
      318,
      541,
      668,
      0.8629423379898071
    ],
    [
      476,
      318,
      496,
      670,
      0.8557527661323547
    ],
    [
      678,
      315,
      699,
      669,
      0.8495384454727173
    ],
    [
      590,
      316,
      609,
      671,
      0.8362836837768555
    ],
    [
      689,
      695,
      711,
      995,
      0.8348904848098755
    ],
    [
      499,
      317,
      519,
      668,
      0.8221180438995361
    ],
    [
      544,
      317,
      564,
      669,
      0.7932204604148865
    ],
    [
      548,
      693,
      568,
      995,
      0.659221351146698
    ],
    [
      611,
      315,
      630,
      669,
      0.6585062742233276
    ],
    [
      453,
      694,
      475,
      996,
      0.6332979798316956
    ],
    [
      524,
      694,
      544,
      994,
      0.6149817109107971
    ],
    [
      640,
      690,
      663,
      994,
      0.49389785528182983
    ]
  ],
  "1": [
    [
      453,
      524,
      471,
      536,
      0.8729168176651001
    ],
    [
      452,
      478,
      470,
      485,
      0.8702408075332642
    ],
    [
      699,
      556,
      719,
      569,
      0.8628713488578796
    ],
    [
      452,
      497,
      471,
      506,
      0.8627627491950989
    ],
    [
      452,
      454,
      470,
      461,
      0.8621388673782349
    ],
    [
      453,
      510,
      471,
      519,
      0.8590449094772339
    ],
    [
      656,
      482,
      674,
      490,
      0.8583797216415405
    ],
    [
      677,
      544,
      696,
      557,
      0.8529220819473267
    ],
    [
      452,
      462,
      470,
      468,
      0.8527188301086426
    ],
    [
      474,
      556,
      495,
      572,
      0.8516419529914856
    ],
    [
      543,
      530,
      564,
      545,
      0.8504933714866638
    ],
    [
      452,
      487,
      470,
      494,
      0.8470240831375122
    ],
    [
      665,
      838,
      684,
      846,
      0.8468848466873169
    ],
    [
      452,
      469,
      470,
      475,
      0.8429242372512817
    ],
    [
      665,
      831,
      684,
      837,
      0.8426938652992249
    ],
    [
      656,
      504,
      674,
      513,
      0.840212345123291
    ],
    [
      665,
      857,
      684,
      866,
      0.8398838043212891
    ],
    [
      665,
      817,
      684,
      823,
      0.8363813161849976
    ],
    [
      675,
      578,
      696,
      596,
      0.8324892520904541
    ],
    [
      656,
      473,
      674,
      480,
      0.8291652202606201
    ],
    [
      588,
      542,
      608,
      556,
      0.8245760202407837
    ],
    [
      656,
      457,
      675,
      464,
      0.8230538368225098
    ],
    [
      665,
      824,
      684,
      830,
      0.8189210891723633
    ],
    [
      656,
      465,
      674,
      471,
      0.8171020746231079
    ],
    [
      455,
      846,
      473,
      852,
      0.8167802095413208
    ],
    [
      455,
      855,
      473,
      864,
      0.8146849870681763
    ],
    [
      523,
      918,
      543,
      937,
      0.8143839836120605
    ],
    [
      566,
      544,
      586,
      561,
      0.8133280277252197
    ],
    [
      452,
      542,
      471,
      554,
      0.811353325843811
    ],
    [
      521,
      544,
      540,
      556,
      0.8106042742729187
    ],
    [
      665,
      869,
      684,
      878,
      0.8053532242774963
    ],
    [
      665,
      883,
      684,
      894,
      0.8030637502670288
    ],
    [
      699,
      581,
      719,
      599,
      0.8029566407203674
    ],
    [
      665,
      792,
      683,
      798,
      0.8014340996742249
    ],
    [
      657,
      429,
      675,
      436,
      0.8012880682945251
    ],
    [
      656,
      532,
      673,
      542,
      0.8001313209533691
    ],
    [
      566,
      570,
      586,
      589,
      0.7997705936431885
    ],
    [
      455,
      814,
      473,
      820,
      0.7979148626327515
    ],
    [
      455,
      821,
      473,
      827,
      0.7876745462417603
    ],
    [
      456,
      789,
      473,
      796,
      0.7859972715377808
    ],
    [
      713,
      930,
      734,
      949,
      0.7854198217391968
    ],
    [
      455,
      836,
      473,
      843,
      0.7849358320236206
    ],
    [
      656,
      517,
      674,
      526,
      0.7847645878791809
    ],
    [
      499,
      560,
      518,
      575,
      0.7839949131011963
    ],
    [
      633,
      551,
      652,
      565,
      0.7753836512565613
    ],
    [
      455,
      882,
      473,
      891,
      0.7662642002105713
    ],
    [
      666,
      848,
      684,
      855,
      0.7607433795928955
    ],
    [
      688,
      923,
      709,
      942,
      0.7554323077201843
    ],
    [
      452,
      428,
      469,
      435,
      0.7462130188941956
    ],
    [
      499,
      537,
      517,
      548,
      0.7455561757087708
    ],
    [
      521,
      563,
      541,
      585,
      0.7394441366195679
    ],
    [
      454,
      898,
      473,
      910,
      0.721124529838562
    ],
    [
      544,
      572,
      563,
      590,
      0.717073380947113
    ],
    [
      476,
      925,
      495,
      939,
      0.7167969942092896
    ],
    [
      666,
      899,
      685,
      912,
      0.70551997423172
    ],
    [
      547,
      920,
      567,
      937,
      0.692342221736908
    ],
    [
      455,
      828,
      473,
      834,
      0.684288740158081
    ],
    [
      474,
      575,
      496,
      589,
      0.6719830632209778
    ],
    [
      594,
      919,
      615,
      938,
      0.6563042402267456
    ],
    [
      611,
      550,
      629,
      561,
      0.6196165084838867
    ],
    [
      656,
      493,
      674,
      501,
      0.6069021224975586
    ],
    [
      641,
      923,
      662,
      940,
      0.5555101037025452
    ],
    [
      633,
      540,
      652,
      549,
      0.5170412659645081
    ],
    [
      500,
      922,
      519,
      938,
      0.5138823986053467
    ],
    [
      455,
      867,
      473,
      876,
      0.45505741238594055
    ],
    [
      499,
      524,
      517,
      534,
      0.3947385847568512
    ],
    [
      611,
      538,
      629,
      547,
      0.3568483293056488
    ],
    [
      665,
      809,
      684,
      816,
      0.33177295327186584
    ],
    [
      452,
      561,
      471,
      573,
      0.32832467555999756
    ],
    [
      589,
      569,
      608,
      588,
      0.2601704001426697
    ]
  ],