{
  "1": [
    [
      342,
      318,
      377,
      341,
      0.8877981901168823
    ],
    [
      967,
      453,
      1003,
      481,
      0.8471812009811401
    ],
    [
      305,
      228,
      336,
      239,
      0.8308089971542358
    ],
    [
      383,
      320,
      416,
      341,
      0.8299837708473206
    ],
    [
      970,
      258,
      1004,
      270,
      0.8006152510643005
    ],
    [
      892,
      257,
      924,
      268,
      0.7989892959594727
    ],
    [
      813,
      258,
      845,
      269,
      0.7965108156204224
    ],
    [
      853,
      257,
      885,
      267,
      0.7942428588867188
    ],
    [
      267,
      231,
      296,
      240,
      0.7604571580886841
    ],
    [
      230,
      232,
      259,
      241,
      0.7569112777709961
    ],
    [
      806,
      434,
      844,
      465,
      0.5422322750091553
    ],
    [
      927,
      448,
      961,
      476,
      0.43551406264305115
    ],
    [
      736,
      252,
      762,
      262,
      0.41823112964630127
    ],
    [
      341,
      216,
      373,
      226,
      0.37810999155044556
    ],
    [
      1018,
      254,
      1038,
      261,
      0.366360604763031
    ],
    [
      265,
      213,
      293,
      222,
      0.3375740051269531
    ],
    [
      932,
      257,
      965,
      270,
      0.32724428176879883
    ],
    [
      657,
      253,
      685,
      265,
      0.31943291425704956
    ],
    [
      344,
      227,
      374,
      238,
      0.3169662058353424
    ],
    [
      850,
      457,
      884,
      481,
      0.29839855432510376
    ],
    [
      889,
      459,
      924,
      483,
      0.2870512008666992
    ],
    [
      191,
      332,
      222,
      347,
      0.18050843477249146
    ],
    [
      380,
      213,
      409,
      224,
      0.1345142126083374
    ],
    [
      220,
      214,
      259,
      227,
      0.12145352363586426
    ],
    [
      152,
      182,
      226,
      196,
      0.09617149829864502
    ],
    [
      460,
      212,
      487,
      220,
      0.09023675322532654
    ],
    [
      778,
      252,
      803,
      261,
      0.06044617295265198
    ],
    [
      699,
      252,
      724,
      263,
      0.032560795545578
    ],
    [
      303,
      216,
      335,
      228,
      0.014835596084594727
    ]
  ],
  "2": [
    [
      383,
      199,
      418,
      731,
      0.8453020453453064
    ],
    [
      968,
      227,
      1003,
      818,
      0.8032467365264893
    ],
    [
      805,
      232,
      844,
      810,
      0.6533746719360352
    ],
    [
      850,
      228,
      883,
      812,
      0.5897881388664246
    ],
    [
      343,
      194,
      378,
      730,
      0.5783635377883911
    ],
    [
      929,
      230,
      962,
      820,
      0.3875102698802948
    ],
    [
      304,
      -17,
      340,
      704,
      0.3758460581302643
    ],
    [
      267,
      -2,
      301,
      736,
      0.222234308719635
    ],
    [
      890,
      228,
      924,
      812,
      0.20133554935455322
    ],
    [
      691,
      164,
      730,
      803,
      0.18089652061462402
    ],
    [
      735,
      157,
      772,
      798,
      0.18007612228393555
    ],
    [
      1012,
      196,
      1043,
      636,
      0.1073361337184906
    ],
    [
      463,
      106,
      505,
      777,
      0.08840474486351013
    ],
    [
      172,
      2,
      224,
      696,
      0.062158793210983276
    ],
    [
      224,
      0,
      264,
      697,
      0.023683786392211914
    ],
    [
      419,
      0,
      456,
      768,
      0.014870762825012207
    ]
  ],
  "0": [
    [
      539,
      213,
      562,
      221,
      0.41384759545326233
    ],
    [
      420,
      213,
      448,
      221,
      0.2776542901992798
    ],
    [
      778,
      252,
      803,
      261,
      0.20823046565055847
    ],
    [
      498,
      213,
      527,
      222,
      0.08008217811584473
    ],
    [
      380,
      213,
      409,
      224,
      0.018675416707992554
    ],
    [
      460,
      212,
      487,
      220,
      0.011058151721954346
    ]
  ]
}