{
  "2": [
    [
      607,
      165,
      641,
      741,
      0.8569880723953247
    ],
    [
      490,
      157,
      525,
      745,
      0.8389401435852051
    ],
    [
      567,
      169,
      602,
      745,
      0.8380007147789001
    ],
    [
      448,
      151,
      486,
      783,
      0.631310224533081
    ],
    [
      645,
      172,
      682,
      732,
      0.3622286319732666
    ],
    [
      529,
      160,
      562,
      781,
      0.17743852734565735
    ],
    [
      722,
      56,
      762,
      740,
      0.1421666443347931
    ],
    [
      763,
      108,
      803,
      760,
      0.03432655334472656
    ],
    [
      683,
      87,
      716,
      726,
      0.025940924882888794
    ]
  ],
  "1": [
    [
      607,
      199,
      637,
      210,
      0.835375189781189
    ],
    [
      644,
      379,
      680,
      401,
      0.8348039388656616
    ],
    [
      528,
      396,
      561,
      417,
      0.8269084692001343
    ],
    [
      567,
      197,
      597,
      210,
      0.8261662721633911
    ],
    [
      647,
      197,
      676,
      211,
      0.8236905932426453
    ],
    [
      605,
      392,
      641,
      417,
      0.8099542260169983
    ],
    [
      529,
      200,
      558,
      213,
      0.7818226218223572
    ],
    [
      566,
      397,
      600,
      422,
      0.7453230619430542
    ],
    [
      608,
      187,
      636,
      194,
      0.6992199420928955
    ],
    [
      451,
      410,
      485,
      424,
      0.6615176796913147
    ],
    [
      490,
      201,
      519,
      212,
      0.6380903124809265
    ],
    [
      489,
      394,
      523,
      417,
      0.570254921913147
    ],
    [
      648,
      184,
      676,
      194,
      0.441518634557724
    ],
    [
      569,
      172,
      598,
      184,
      0.34540700912475586
    ],
    [
      729,
      188,
      754,
      196,
      0.195316880941391
    ],
    [
      767,
      188,
      792,
      195,
      0.1807262897491455
    ],
    [
      693,
      188,
      712,
      196,
      0.10469329357147217
    ],
    [
      807,
      188,
      831,
      196,
      0.08561736345291138
    ],
    [
      451,
      358,
      483,
      373,
      0.07304596900939941
    ],
    [
      607,
      169,
      639,
      182,
      0.06919628381729126
    ],
    [
      315,
      19,
      362,
      41,
      0.0671987533569336
    ],
    [
      451,
      388,
      486,
      397,
      0.05262190103530884
    ],
    [
      451,
      190,
      474,
      197,
      0.02653101086616516
    ],
    [
      568,
      187,
      597,
      195,
      0.023529469966888428
    ],
    [
      491,
      187,
      519,
      195,
      0.014269709587097168
    ]
  ],
  "0": [
    [
      807,
      188,
      831,
      196,
      0.10525193810462952
    ],
    [
      425,
      1115,
      470,
      1126,
      0.031839847564697266
    ],
    [
      767,
      188,
      792,
      195,
      0.0172998309135437
    ]
  ]
}