{
  "2": [
    [
      607,
      166,
      641,
      740,
      0.8516618609428406
    ],
    [
      567,
      170,
      602,
      744,
      0.8172550797462463
    ],
    [
      490,
      158,
      525,
      745,
      0.8149087429046631
    ],
    [
      645,
      174,
      682,
      731,
      0.7002874612808228
    ],
    [
      448,
      151,
      485,
      785,
      0.679583728313446
    ],
    [
      529,
      162,
      562,
      781,
      0.26227104663848877
    ],
    [
      722,
      48,
      762,
      743,
      0.16467076539993286
    ],
    [
      761,
      46,
      800,
      737,
      0.02990514039993286
    ],
    [
      682,
      74,
      716,
      730,
      0.029532253742218018
    ]
  ],
  "1": [
    [
      607,
      199,
      637,
      211,
      0.837700366973877
    ],
    [
      644,
      379,
      680,
      401,
      0.8308446407318115
    ],
    [
      528,
      397,
      561,
      417,
      0.8249956965446472
    ],
    [
      567,
      197,
      597,
      210,
      0.82433021068573
    ],
    [
      647,
      197,
      676,
      211,
      0.8187806606292725
    ],
    [
      605,
      393,
      641,
      418,
      0.8086984157562256
    ],
    [
      529,
      200,
      558,
      213,
      0.7724220752716064
    ],
    [
      566,
      397,
      600,
      422,
      0.7243335843086243
    ],
    [
      608,
      187,
      636,
      194,
      0.6938366889953613
    ],
    [
      450,
      410,
      485,
      424,
      0.6926003694534302
    ],
    [
      489,
      394,
      523,
      417,
      0.5585847496986389
    ],
    [
      490,
      201,
      519,
      212,
      0.4974832832813263
    ],
    [
      569,
      172,
      599,
      184,
      0.25730520486831665
    ],
    [
      729,
      188,
      754,
      196,
      0.24427655339241028
    ],
    [
      648,
      185,
      676,
      194,
      0.21987947821617126
    ],
    [
      767,
      189,
      792,
      196,
      0.17599326372146606
    ],
    [
      807,
      188,
      831,
      196,
      0.0998048484325409
    ],
    [
      451,
      399,
      486,
      410,
      0.09854218363761902
    ],
    [
      693,
      188,
      712,
      196,
      0.08900433778762817
    ],
    [
      451,
      388,
      486,
      397,
      0.07465264201164246
    ],
    [
      315,
      18,
      361,
      41,
      0.05930766463279724
    ],
    [
      608,
      171,
      637,
      183,
      0.0576803982257843
    ],
    [
      452,
      358,
      483,
      373,
      0.050127774477005005
    ],
    [
      451,
      190,
      474,
      198,
      0.03657829761505127
    ],
    [
      491,
      192,
      519,
      201,
      0.020450085401535034
    ],
    [
      569,
      188,
      598,
      195,
      0.01472368836402893
    ]
  ],
  "0": [
    [
      807,
      188,
      831,
      196,
      0.12018990516662598
    ],
    [
      425,
      1115,
      470,
      1126,
      0.07842147350311279
    ],
    [
      767,
      189,
      792,
      196,
      0.018255025148391724
    ],
    [
      729,
      188,
      754,
      196,
      0.017202228307724
    ]
  ]
}