{
  "0": [
    [
      821,
      232,
      846,
      240,
      0.8509334921836853
    ],
    [
      782,
      233,
      806,
      240,
      0.8372642993927002
    ],
    [
      743,
      232,
      767,
      240,
      0.7646747827529907
    ],
    [
      706,
      232,
      726,
      241,
      0.14229729771614075
    ]
  ],
  "1": [
    [
      465,
      450,
      497,
      464,
      0.8424917459487915
    ],
    [
      543,
      241,
      572,
      256,
      0.7486984133720398
    ],
    [
      504,
      244,
      533,
      256,
      0.7356352806091309
    ],
    [
      582,
      237,
      611,
      255,
      0.7235296368598938
    ],
    [
      621,
      241,
      651,
      256,
      0.713559627532959
    ],
    [
      580,
      449,
      615,
      468,
      0.6087644100189209
    ],
    [
      619,
      441,
      655,
      463,
      0.5019257068634033
    ],
    [
      542,
      450,
      575,
      465,
      0.5015583038330078
    ],
    [
      661,
      239,
      690,
      258,
      0.48941245675086975
    ],
    [
      506,
      234,
      532,
      242,
      0.15363183617591858
    ],
    [
      465,
      436,
      498,
      446,
      0.1249321699142456
    ],
    [
      334,
      2,
      379,
      22,
      0.11910390853881836
    ],
    [
      465,
      401,
      497,
      417,
      0.0779457688331604
    ],
    [
      505,
      452,
      537,
      465,
      0.04656347632408142
    ],
    [
      622,
      231,
      650,
      240,
      0.045522093772888184
    ],
    [
      466,
      479,
      496,
      493,
      0.03995063900947571
    ],
    [
      1083,
      232,
      1140,
      256,
      0.03157314658164978
    ],
    [
      397,
      0,
      424,
      11,
      0.02977815270423889
    ],
    [
      466,
      464,
      497,
      474,
      0.02428382635116577
    ],
    [
      431,
      11,
      464,
      28,
      0.0203535258769989
    ],
    [
      465,
      421,
      498,
      433,
      0.017971903085708618
    ],
    [
      660,
      437,
      694,
      449,
      0.016903460025787354
    ],
    [
      267,
      3,
      329,
      19,
      0.016425728797912598
    ],
    [
      542,
      432,
      579,
      445,
      0.01259639859199524
    ],
    [
      802,
      45,
      825,
      61,
      0.011432230472564697
    ]
  ],
  "2": [
    [
      464,
      198,
      499,
      811,
      0.7251465320587158
    ],
    [
      620,
      241,
      655,
      783,
      0.6493918895721436
    ],
    [
      543,
      225,
      575,
      794,
      0.4768456220626831
    ],
    [
      659,
      239,
      695,
      787,
      0.3010466992855072
    ],
    [
      580,
      230,
      616,
      795,
      0.24836215376853943
    ],
    [
      502,
      214,
      538,
      800,
      0.09726139903068542
    ]
  ]
}