{
  "1": [
    [
      464,
      450,
      497,
      464,
      0.8493288159370422
    ],
    [
      580,
      237,
      610,
      255,
      0.8006986975669861
    ],
    [
      504,
      244,
      533,
      256,
      0.7987928986549377
    ],
    [
      542,
      241,
      572,
      256,
      0.7144336700439453
    ],
    [
      620,
      241,
      650,
      256,
      0.6949787139892578
    ],
    [
      580,
      450,
      615,
      468,
      0.5841720104217529
    ],
    [
      541,
      450,
      575,
      465,
      0.45746925473213196
    ],
    [
      618,
      442,
      655,
      463,
      0.45283931493759155
    ],
    [
      661,
      238,
      689,
      259,
      0.44141316413879395
    ],
    [
      465,
      402,
      495,
      417,
      0.3037850558757782
    ],
    [
      505,
      235,
      530,
      243,
      0.2927376627922058
    ],
    [
      465,
      436,
      497,
      447,
      0.1874839961528778
    ],
    [
      333,
      3,
      377,
      22,
      0.18294218182563782
    ],
    [
      801,
      43,
      823,
      61,
      0.08375385403633118
    ],
    [
      384,
      6,
      425,
      24,
      0.07677435874938965
    ],
    [
      621,
      231,
      649,
      240,
      0.06577140092849731
    ],
    [
      1082,
      233,
      1143,
      255,
      0.061071544885635376
    ],
    [
      465,
      464,
      497,
      474,
      0.059491127729415894
    ],
    [
      505,
      452,
      536,
      466,
      0.05020219087600708
    ],
    [
      466,
      482,
      497,
      495,
      0.023040026426315308
    ],
    [
      703,
      38,
      717,
      49,
      0.021077454090118408
    ],
    [
      465,
      421,
      496,
      431,
      0.014062315225601196
    ],
    [
      659,
      436,
      694,
      449,
      0.013442695140838623
    ],
    [
      253,
      1080,
      321,
      1106,
      0.013067841529846191
    ],
    [
      264,
      3,
      326,
      21,
      0.011217206716537476
    ]
  ],
  "0": [
    [
      820,
      232,
      846,
      239,
      0.8377970457077026
    ],
    [
      781,
      232,
      806,
      239,
      0.8030276298522949
    ],
    [
      742,
      231,
      766,
      240,
      0.7632836103439331
    ],
    [
      705,
      233,
      725,
      241,
      0.029298216104507446
    ]
  ],
  "2": [
    [
      619,
      237,
      655,
      782,
      0.6442548036575317
    ],
    [
      463,
      198,
      498,
      809,
      0.5461283326148987
    ],
    [
      542,
      224,
      575,
      795,
      0.4713701009750366
    ],
    [
      580,
      226,
      615,
      795,
      0.3483920097351074
    ],
    [
      659,
      235,
      695,
      787,
      0.19921836256980896
    ],
    [
      502,
      214,
      537,
      801,
      0.06434601545333862
    ],
    [
      331,
      2,
      380,
      119,
      0.029580265283584595
    ]
  ]
}